<annotation>
	<folder>No Label</folder>
	<filename>20190719_175504.jpg</filename>
	<path>C:\Users\User\Desktop\Cocoa Dataset\No Label\20190719_175504.jpg</path>
	<source>
		<database>Unknown</database>
	</source>
	<size>
		<width>853</width>
		<height>480</height>
		<depth>3</depth>
	</size>
	<segmented>0</segmented>
	<object>
		<name>Marker</name>
		<pose>Unspecified</pose>
		<truncated>0</truncated>
		<difficult>0</difficult>
		<bndbox>
			<xmin>300</xmin>
			<ymin>133</ymin>
			<xmax>522</xmax>
			<ymax>355</ymax>
		</bndbox>
	</object>
</annotation>
