<annotation>
	<folder>Dataset</folder>
	<filename>20190718_232939.jpg</filename>
	<path>C:\Users\User\Desktop\Dataset\20190718_232939.jpg</path>
	<source>
		<database>Unknown</database>
	</source>
	<size>
		<width>853</width>
		<height>480</height>
		<depth>3</depth>
	</size>
	<segmented>0</segmented>
	<object>
		<name>Marker</name>
		<pose>Unspecified</pose>
		<truncated>0</truncated>
		<difficult>0</difficult>
		<bndbox>
			<xmin>214</xmin>
			<ymin>210</ymin>
			<xmax>367</xmax>
			<ymax>312</ymax>
		</bndbox>
	</object>
</annotation>
